CANADIAN DOLLAR - CHICAGO MERCANTILE EXCHANGE,261006,2026-10-06,090741,CME ,00,090 ,  371048,  189180,   69223,     972,   97612,  133418,    4647,   31682,  111307,    4025,   15212,    6399,     484,  343814,  330475,   27234,   40573,   23774,   23555,    3422,    -217,    2046,   10271,     205,   -2899,    7082,     717,    1321,     802,     -90,   24638,   22192,    -864,    1582,  100.0,   51.0,   18.7,    0.3,   26.3,   36.0,    1.3,    8.5,   30.0,    1.1,    4.1,    1.7,    0.1,   92.7,   89.1,    7.3,   10.9,    146,     11,      6,.,     13,     29,     11,     21,     46,     15,     15,      5,.,     79,     99,    64.3,    32.8,    73.3,    45.2,    64.2,    32.8,    73.3,    45.2,"(CONTRACTS OF CAD 100,000)",090741,CME ,090 ,F10,FutOnly
SWISS FRANC - CHICAGO MERCANTILE EXCHANGE,261006,2026-10-06,092741,CME ,00,092 ,  137185,   82560,   20932,       2,   19529,   56908,    6679,   12900,   24250,       9,    1550,     903,    3565,  126794,  113248,   10391,   23937,    3313,   -3567,     253,       0,    1155,    2123,    1282,    3359,     714,       0,       0,    -166,       5,    2234,    4211,    1079,    -898,  100.0,   60.2,   15.3,    0.0,   14.2,   41.5,    4.9,    9.4,   17.7,    0.0,    1.1,    0.7,    2.6,   92.4,   82.6,    7.6,   17.4,     63,      6,      4,.,      5,     15,.,     13,     15,.,.,.,.,     30,     39,    73.8,    31.4,    81.3,    51.6,    69.0,    31.4,    75.0,    50.6,"(CONTRACTS OF CHF 125,000)",092741,CME ,092 ,F10,FutOnly
BRITISH POUND - CHICAGO MERCANTILE EXCHANGE,261006,2026-10-06,096742,CME ,00,096 ,  265890,  157251,    9218,    3870,   17746,  163188,    5107,   57368,   44936,    3461,     460,    1227,       0,  245263,  231007,   20627,   34883,   14150,   14216,     816,    -106,   -1657,   15241,      37,    3655,   -4171,    1874,       0,    -121,       0,   18019,   13570,   -3869,     580,  100.0,   59.1,    3.5,    1.5,    6.7,   61.4,    1.9,   21.6,   16.9,    1.3,    0.2,    0.5,    0.0,   92.2,   86.9,    7.8,   13.1,    111,     10,      5,.,      7,     31,      8,     24,     31,     10,.,.,      0,     54,     78,    52.5,    41.3,    69.2,    51.2,    51.0,    41.2,    67.1,    51.0,"(CONTRACTS OF GBP 62,500)",096742,CME ,096 ,F10,FutOnly
JAPANESE YEN - CHICAGO MERCANTILE EXCHANGE,261006,2026-10-06,097741,CME ,00,097 ,  368138,   53281,  138186,    3192,  143300,   75505,    8010,   66123,   91166,    9325,   48400,    5671,    1972,  333603,  333027,   34535,   35111,    7418,   -1247,   -3044,    -770,   25774,    9613,     -86,  -11306,    -424,    -918,   -3599,    2356,       2,    7850,    6729,    -432,     689,  100.0,   14.5,   37.5,    0.9,   38.9,   20.5,    2.2,   18.0,   24.8,    2.5,   13.1,    1.5,    0.5,   90.6,   90.5,    9.4,    9.5,    163,      9,     14,.,     25,     24,     11,     33,     39,     15,     14,      4,.,     91,    103,    40.7,    38.2,    55.8,    56.4,    40.7,    37.3,    55.6,    55.6,"(CONTRACTS OF JPY 12,500,000)",097741,CME ,097 ,F10,FutOnly
EURO FX - CHICAGO MERCANTILE EXCHANGE,261006,2026-10-06,099741,CME ,00,099 ,  870291,   48187,  224701,    9918,  499449,  309568,   38828,  135367,  179628,   25772,   25247,   21661,    3786,  786554,  813862,   83737,   56429,   16332,     641,  -35011,    2704,    -904,   29818,   -4739,   10510,   15506,    6597,   -2300,    2263,     151,   12660,   17289,    3672,    -957,  100.0,    5.5,   25.8,    1.1,   57.4,   35.6,    4.5,   15.6,   20.6,    3.0,    2.9,    2.5,    0.4,   90.4,   93.5,    9.6,    6.5,    346,     16,     16,      8,    115,     48,     48,     56,     55,     23,     22,     18,      5,    237,    193,    20.4,    32.4,    30.5,    46.2,    20.3,    31.4,    30.1,    44.9,"(CONTRACTS OF EUR 125,000)",099741,CME ,099 ,F10,FutOnly
AUSTRALIAN DOLLAR - CHICAGO MERCANTILE EXCHANGE,261006,2026-10-06,232741,CME ,00,232 ,  328682,  111494,   82529,     513,   87156,  188584,    3168,   86777,   32644,    1639,    5534,     700,       5,  296286,  309782,   32396,   18900,   18882,   29136,   -8616,     325,   -3832,   24397,    -188,   -5783,     676,      59,     381,      50,       0,   20098,   16703,   -1216,    2179,  100.0,   33.9,   25.1,    0.2,   26.5,   57.4,    1.0,   26.4,    9.9,    0.5,    1.7,    0.2,    0.0,   90.1,   94.2,    9.9,    5.8,    124,     12,      7,      4,     22,     13,      7,     38,     20,     11,     10,.,.,     90,     57,    38.9,    73.5,    56.9,    82.3,    38.9,    73.4,    56.9,    82.2,"(CONTRACTS OF AUD 100,000)",232741,CME ,232 ,F10,FutOnly
EURO FX/BRITISH POUND XRATE - CHICAGO MERCANTILE EXCHANGE,261006,2026-10-06,299741,CME ,00,099 ,   40934,     950,   24623,       0,   21521,    6271,    1098,    4403,    2399,       0,       0,       0,       0,   27972,   34391,   12962,    6543,    -204,     950,    -374,       0,     -45,    1000,       0,    -692,   -1171,       0,       0,       0,       0,     213,    -545,    -417,     341,  100.0,    2.3,   60.2,    0.0,   52.6,   15.3,    2.7,   10.8,    5.9,    0.0,    0.0,    0.0,    0.0,   68.3,   84.0,   31.7,   16.0,     32,.,      4,      0,     17,.,      4,      4,.,      0,      0,      0,      0,     22,     14,    25.3,    70.6,    42.4,    80.0,    25.2,    70.6,    41.5,    79.2,"(CONTRACTS OF EUR 125,000)",299741,CME ,099 ,F10,FutOnly
EURO FX/JAPANESE YEN XRATE - CHICAGO MERCANTILE EXCHANGE,261006,2026-10-06,399741,CME ,00,099 ,   17367,       0,    1718,      81,    5850,   10192,     673,    1597,       0,       0,       0,       0,       0,    8201,   12664,    9166,    4703,.,.,.,.,.,.,.,.,.,.,.,.,.,.,.,.,.,  100.0,    0.0,    9.9,    0.5,   33.7,   58.7,    3.9,    9.2,    0.0,    0.0,    0.0,    0.0,    0.0,   47.2,   72.9,   52.8,   27.1,     20,      0,.,.,      6,     10,     10,.,      0,      0,      0,      0,      0,     16,     15,    32.5,    37.5,    45.2,    58.6,    30.2,    37.1,    42.9,    57.5,"(CONTRACTS OF EUR 125,000)",399741,CME ,099 ,F10,FutOnly
MEXICAN PESO - CHICAGO MERCANTILE EXCHANGE,261006,2026-10-06,095741,CME ,00,095 ,  290507,  105703,  104482,     444,   61727,   82326,    1905,  112807,   37880,    1253,    1067,   58616,       0,  284906,  286906,    5601,    3601,   15686,   36667,   -6982,     444,  -24671,   12179,     166,    7296,   12956,   -3599,    -589,     355,       0,   15714,   15519,     -28,     167,  100.0,   36.4,   36.0,    0.2,   21.2,   28.3,    0.7,   38.8,   13.0,    0.4,    0.4,   20.2,    0.0,   98.1,   98.8,    1.9,    1.2,    161,     12,      7,.,     25,     14,      4,     50,     33,     12,      6,     13,      0,     97,     81,    34.9,    72.2,    55.7,    81.3,    34.9,    72.2,    55.7,    80.8,"(CONTRACTS OF MXN 500,000)",095741,CME ,095 ,F15,FutOnly
BRAZILIAN REAL - CHICAGO MERCANTILE EXCHANGE,261006,2026-10-06,102741,CME ,00,102 ,  134541,    8567,   72250,     282,   57010,     400,     355,   59493,   32097,    1400,    1908,   26703,      13,  129028,  133500,    5513,    1041,  -12163,     956,    4884,   -5233,  -11455,   -1050,       6,   22075,    4232,  -18878,     -74,    4172,      13,  -12590,  -11854,     427,    -309,  100.0,    6.4,   53.7,    0.2,   42.4,    0.3,    0.3,   44.2,   23.9,    1.0,    1.4,   19.8,    0.0,   95.9,   99.2,    4.1,    0.8,    124,      9,      8,.,     22,.,.,     53,     13,      6,      8,      7,.,     99,     34,    33.4,    77.2,    50.1,    90.8,    33.4,    77.2,    50.1,    90.6,"(CONTRACTS OF BRL 100,000)",102741,CME ,102 ,F15,FutOnly
NZ DOLLAR - CHICAGO MERCANTILE EXCHANGE,261006,2026-10-06,112741,CME ,00,112 ,  129883,   76194,   45300,      10,   11223,   43757,    3452,   27439,   28226,     966,    6195,    1734,       0,  125479,  123445,    4404,    6438,   15106,   11827,     561,    -111,    1161,   12467,   -2475,    4363,    4084,     156,      41,     -75,       0,   14962,   14607,     144,     499,  100.0,   58.7,   34.9,    0.0,    8.6,   33.7,    2.7,   21.1,   21.7,    0.7,    4.8,    1.3,    0.0,   96.6,   95.0,    3.4,    5.0,    116,      8,.,.,     12,     25,.,     22,     36,      9,      7,.,      0,     54,     75,    57.4,    56.0,    77.4,    68.0,    57.3,    56.0,    76.5,    67.2,"(CONTRACTS OF NZD 100,000)",112741,CME ,112 ,F15,FutOnly
SO AFRICAN RAND - CHICAGO MERCANTILE EXCHANGE,261006,2026-10-06,122741,CME ,00,122 ,   36413,    4916,   28424,       0,   19970,    2086,       0,    8208,    3799,     522,       0,     165,       0,   33616,   34996,    2797,    1417,    1435,    3456,    -366,       0,   -1510,    1326,       0,     214,     459,       0,       0,       0,       0,    2160,    1419,    -725,      16,  100.0,   13.5,   78.1,    0.0,   54.8,    5.7,    0.0,   22.5,   10.4,    1.4,    0.0,    0.5,    0.0,   92.3,   96.1,    7.7,    3.9,     51,.,      5,      0,     10,      4,      0,     18,     10,.,      0,.,      0,     33,     20,    53.3,    79.1,    71.5,    86.2,    53.3,    79.1,    71.5,    86.0,"(CONTRACTS OF ZAR 500,000)",122741,CME ,122 ,F15,FutOnly
DJIA Consolidated - CHICAGO BOARD OF TRADE,261006,2026-10-06,12460+,CBT ,00,124 ,   99865,   41965,   66213,     456,   23215,    3620,    1412,   13880,   15774,    3047,     594,      21,       0,   84570,   90543,   15295,    9322,    9814,     135,    8481,    -284,    4373,    -311,    -949,    4437,     945,    2075,      21,    -229,       0,    9808,    9727,       6,      87,  100.0,   42.0,   66.3,    0.5,   23.2,    3.6,    1.4,   13.9,   15.8,    3.1,    0.6,    0.0,    0.0,   84.7,   90.7,   15.3,    9.3,    105,     16,     15,.,     16,      8,      4,     24,     22,     10,.,.,      0,     69,     53,    42.9,    46.6,    55.5,    63.6,    42.9,    46.2,    55.1,    63.1,($5 X DJIA INDEX),12460+,CBT ,124 ,F20,FutOnly
DJIA x $5 - CHICAGO BOARD OF TRADE,261006,2026-10-06,124603,CBT ,00,124 ,   95576,   41603,   63457,     400,   23215,    3593,    1412,   13661,   17828,     460,     543,       0,       0,   81294,   87150,   14282,    8426,    7478,    -151,    5947,     -35,    4373,    -314,    -949,    4163,    2874,      78,       0,    -250,       0,    7479,    7351,      -1,     127,  100.0,   43.5,   66.4,    0.4,   24.3,    3.8,    1.5,   14.3,   18.7,    0.5,    0.6,    0.0,    0.0,   85.1,   91.2,   14.9,    8.8,     90,     12,     13,.,     16,      7,      4,     20,     20,      8,.,      0,      0,     58,     46,    44.8,    45.9,    58.0,    63.6,    44.8,    45.5,    57.6,    63.2,($5 X DJIA INDEX),124603,CBT ,124 ,F20,FutOnly
DOW JONES U.S. REAL ESTATE IDX - CHICAGO BOARD OF TRADE,261006,2026-10-06,124606,CBT ,00,124 ,   65528,    5168,   44128,     169,   52255,    8247,     600,    4651,   10864,       0,       0,       0,       0,   62843,   64008,    2685,    1520,    -738,   -1571,    1203,     169,     665,    -403,      36,     377,   -1849,       0,       0,       0,       0,    -324,    -844,    -414,     106,  100.0,    7.9,   67.3,    0.3,   79.7,   12.6,    0.9,    7.1,   16.6,    0.0,    0.0,    0.0,    0.0,   95.9,   97.7,    4.1,    2.3,     52,      5,      9,.,     24,      5,.,      4,      5,      0,      0,      0,      0,     35,     20,    46.1,    59.5,    63.4,    83.7,    45.9,    59.5,    63.2,    83.7,($100 X DJ US REAL ESTATE INDEX),124606,CBT ,124 ,F20,FutOnly
MICRO E-MINI DJIA (x$0.5) - CHICAGO BOARD OF TRADE,261006,2026-10-06,124608,CBT ,00,124 ,   42889,    4186,   28123,       0,       0,     269,       0,   28015,    5287,      45,     512,     210,       0,   32758,   33934,   10131,    8955,   23358,     371,   22848,       0,       0,      26,       0,   22713,     677,      -4,     207,     210,       0,   23287,   23757,      71,    -399,  100.0,    9.8,   65.6,    0.0,    0.0,    0.6,    0.0,   65.3,   12.3,    0.1,    1.2,    0.5,    0.0,   76.4,   79.1,   23.6,   20.9,     24,      5,.,      0,      0,.,      0,      8,      5,.,.,.,      0,     15,     11,    66.0,    74.6,    71.4,    78.1,    65.9,    74.6,    71.4,    78.0,($0.5 X DJIA INDEX),124608,CBT ,124 ,F20,FutOnly
S&P 500 Consolidated - CHICAGO MERCANTILE EXCHANGE,261006,2026-10-06,13874+,CME ,00,138 , 1949777,  201430,  803330,   42301, 1109404,  200102,   99381,  114660,  530569,   53870,   72787,   74588,     330, 1694161, 1804470,  255616,  145307,   39788,   22444,   16312,     -46,    2561,    -482,    3101,  -11806,   30097,    5528,   17314,  -12749,     -41,   39054,   41719,     735,   -1931,  100.0,   10.3,   41.2,    2.2,   56.9,   10.3,    5.1,    5.9,   27.2,    2.8,    3.7,    3.8,    0.0,   86.9,   92.5,   13.1,    7.5,    450,     37,     31,     12,    167,     43,     82,     63,     79,     53,     17,     13,.,    337,    262,     9.5,    27.2,    17.1,    38.5,     9.2,    26.1,    15.7,    37.3,(S&P 500 INDEX X $50.00),13874+,CME ,138 ,F20,FutOnly
E-MINI S&P CONSU STAPLES INDEX - CHICAGO MERCANTILE EXCHANGE,261006,2026-10-06,138748,CME ,00,138 ,   22044,   11638,    7257,       0,    7320,   11051,     166,     833,    1326,       0,       0,       0,       0,   19957,   19800,    2087,    2244,    -106,     139,    -195,       0,    2061,       0,       0,    -406,     234,       0,       0,       0,       0,    1794,      39,   -1900,    -145,  100.0,   52.8,   32.9,    0.0,   33.2,   50.1,    0.8,    3.8,    6.0,    0.0,    0.0,    0.0,    0.0,   90.5,   89.8,    9.5,   10.2,     25,      5,      5,      0,      7,      5,.,.,.,      0,      0,      0,      0,     13,     13,    57.7,    55.7,    83.6,    79.2,    57.7,    55.7,    83.6,    79.2,($100 x S&P Select Sector Consumer Staples Index price),138748,CME ,138 ,F20,FutOnly
E-MINI S&P ENERGY INDEX - CHICAGO MERCANTILE EXCHANGE,261006,2026-10-06,138749,CME ,00,138 ,   30308,    2360,   23430,       0,   22242,    1441,     760,     942,    3002,     503,       0,       0,       0,   26807,   29136,    3501,    1172,    1497,     442,     417,       0,     823,     -21,     418,      24,     636,      50,       0,       0,       0,    1757,    1500,    -260,      -3,  100.0,    7.8,   77.3,    0.0,   73.4,    4.8,    2.5,    3.1,    9.9,    1.7,    0.0,    0.0,    0.0,   88.4,   96.1,   11.6,    3.9,     43,      5,     10,      0,     17,.,.,.,      5,.,      0,      0,      0,     27,     19,    51.9,    54.9,    64.0,    76.3,    50.6,    54.9,    62.6,    74.7,($100 x S&P Select Sector Energy Index price),138749,CME ,138 ,F20,FutOnly
E-MINI S&P 500 - CHICAGO MERCANTILE EXCHANGE,261006,2026-10-06,13874A,CME ,00,138 , 1932227,  201165,  802006,   42129, 1106717,  200102,   99323,  113223,  528310,   48436,   72787,   74479,     330, 1684110, 1795115,  248117,  137112,   36305,   22574,   16427,    -218,    2283,    -329,    3058,  -12230,   30368,    2311,   17314,  -12738,     -41,   35051,   38838,    1254,   -2533,  100.0,   10.4,   41.5,    2.2,   57.3,   10.4,    5.1,    5.9,   27.3,    2.5,    3.8,    3.9,    0.0,   87.2,   92.9,   12.8,    7.1,    441,     36,     30,     12,    165,     43,     81,     60,     78,     50,     17,     12,.,    329,    257,     9.6,    27.4,    17.2,    38.9,     9.2,    26.4,    15.8,    37.7,($50 X S&P 500 INDEX),13874A,CME ,138 ,F20,FutOnly
E-MINI S&P FINANCIAL INDEX - CHICAGO MERCANTILE EXCHANGE,261006,2026-10-06,13874C,CME ,00,138 ,   62552,   42349,   54805,       0,   16256,     829,       0,    1587,    4489,       0,       0,       0,       0,   60192,   60123,    2360,    2429,     811,      74,    -196,       0,     410,     629,       0,     329,       0,       0,       0,       0,       0,     813,     433,      -2,     378,  100.0,   67.7,   87.6,    0.0,   26.0,    1.3,    0.0,    2.5,    7.2,    0.0,    0.0,    0.0,    0.0,   96.2,   96.1,    3.8,    3.9,     34,     10,      8,      0,      8,.,      0,      4,.,      0,      0,      0,      0,     22,     12,    59.2,    76.2,    80.7,    92.5,    59.2,    76.2,    80.7,    92.5,($250 x S&P Select Sector Financial Index price),13874C,CME ,138 ,F20,FutOnly
E-MINI S&P HEALTH CARE INDEX - CHICAGO MERCANTILE EXCHANGE,261006,2026-10-06,13874E,CME ,00,138 ,   14181,    2600,   11206,       0,    7233,    1607,       0,    1311,       0,       0,       0,       0,       0,   11144,   12813,    3037,    1368,      14,       0,     221,       0,    -205,    -308,       0,    -143,       0,       0,       0,       0,       0,    -348,     -87,     362,     101,  100.0,   18.3,   79.0,    0.0,   51.0,   11.3,    0.0,    9.2,    0.0,    0.0,    0.0,    0.0,    0.0,   78.6,   90.4,   21.4,    9.6,     24,.,      8,      0,      8,      4,      0,.,      0,      0,      0,      0,      0,     12,     12,    49.6,    50.8,    69.9,    79.5,    49.6,    50.8,    69.9,    79.5,($100 x S&P Select Sector Health Care Index price),13874E,CME ,138 ,F20,FutOnly
E-MINI S&P INDUSTRIAL INDEX - CHICAGO MERCANTILE EXCHANGE,261006,2026-10-06,13874F,CME ,00,138 ,   12848,    2086,    9740,       0,    8035,    1355,       0,    1476,     840,       0,       0,       0,       0,   11597,   11935,    1251,     913,    -107,      40,      37,       0,    -125,    -207,       0,    -141,     -30,       0,       0,       0,       0,    -226,    -200,     119,      93,  100.0,   16.2,   75.8,    0.0,   62.5,   10.5,    0.0,   11.5,    6.5,    0.0,    0.0,    0.0,    0.0,   90.3,   92.9,    9.7,    7.1,     27,      5,      7,      0,      8,.,      0,.,.,      0,      0,      0,      0,     15,     12,    52.9,    63.2,    74.2,    83.5,    52.9,    63.2,    74.2,    83.5,($100 x S&P Select Sector Industrial Index price),13874F,CME ,138 ,F20,FutOnly
E-MINI S&P TECHNOLOGY INDEX - CHICAGO MERCANTILE EXCHANGE,261006,2026-10-06,13874I,CME ,00,138 ,   13319,    1130,   12619,       0,    8923,       0,      62,     430,     273,       0,       0,       0,       0,   10545,   12954,    2774,     365,     367,       0,     257,       0,     173,       0,       0,     430,      18,       0,       0,       0,       0,     603,     275,    -236,      92,  100.0,    8.5,   94.7,    0.0,   67.0,    0.0,    0.5,    3.2,    2.0,    0.0,    0.0,    0.0,    0.0,   79.2,   97.3,   20.8,    2.7,     23,.,      8,      0,     10,      0,.,.,.,      0,      0,      0,      0,     14,     10,    50.8,    77.1,    68.1,    94.7,    50.8,    77.1,    67.6,    94.7,($100 x S&P Select Sector Technology Index price),13874I,CME ,138 ,F20,FutOnly
E-MINI S&P UTILITIES INDEX - CHICAGO MERCANTILE EXCHANGE,261006,2026-10-06,13874J,CME ,00,138 ,   28320,    9034,   13567,       0,   10921,   10325,       0,    3425,    3031,       0,       0,       0,       0,   23380,   26923,    4940,    1397,     359,    -372,   -1101,       0,    -729,     -42,       0,    -699,    1940,       0,       0,       0,       0,   -1800,     797,    2159,    -438,  100.0,   31.9,   47.9,    0.0,   38.6,   36.5,    0.0,   12.1,   10.7,    0.0,    0.0,    0.0,    0.0,   82.6,   95.1,   17.4,    4.9,     31,      4,      9,      0,      7,      5,      0,.,.,      0,      0,      0,      0,     14,     17,    54.7,    57.8,    73.7,    77.7,    54.7,    57.8,    73.7,    77.7,($100 x S&P Select Sector Utilities Index price),13874J,CME ,138 ,F20,FutOnly
E-MINI S&P COMMUNICATION INDEX - CHICAGO MERCANTILE EXCHANGE,261006,2026-10-06,13874P,CME ,00,138 ,   17280,    1845,   16446,       5,   13717,       0,      32,     333,     203,       0,       0,       0,       0,   15932,   16686,    1348,     594,     577,    -516,     594,       5,    1418,       0,    -150,     -23,     203,       0,       0,       0,       0,     734,     652,    -157,     -75,  100.0,   10.7,   95.2,    0.0,   79.4,    0.0,    0.2,    1.9,    1.2,    0.0,    0.0,    0.0,    0.0,   92.2,   96.6,    7.8,    3.4,     25,.,      8,.,     12,      0,.,.,.,      0,      0,      0,      0,     16,     11,    53.7,    66.2,    75.5,    95.2,    53.5,    66.2,    75.3,    95.2,($250 x S&P Select Sector Communication Index),13874P,CME ,138 ,F20,FutOnly
MICRO E-MINI S&P 500 INDEX - CHICAGO MERCANTILE EXCHANGE,261006,2026-10-06,13874U,CME ,00,138 ,  175502,    4364,   14955,       0,   26866,       0,     579,   66952,   75181,    1749,       0,    1090,       0,  100510,   93554,   74992,   81948,   34833,     413,     564,       0,    2746,   -1560,     456,   36176,   29224,     235,       0,    -110,       0,   40026,   28809,   -5193,    6024,  100.0,    2.5,    8.5,    0.0,   15.3,    0.0,    0.3,   38.1,   42.8,    1.0,    0.0,    0.6,    0.0,   57.3,   53.3,   42.7,   46.7,     32,.,.,      0,      9,      0,.,     10,      7,      7,      0,.,      0,     24,     17,    33.0,    43.7,    43.1,    50.9,    32.5,    43.2,    42.6,    50.4,($5 X S&P 500 INDEX),13874U,CME ,138 ,F20,FutOnly
ADJUSTED INT RATE S&P 500 TOTL - CHICAGO MERCANTILE EXCHANGE,261006,2026-10-06,13874W,CME ,00,138 , 1015668,  381858,  213743,  297275,       0,  204738,    9355,  151060,  106685,  162519,       0,       0,       0, 1002067,  994315,   13601,   21353,    7825,   12159,   -4174,    6852,       0,    2071,    2055,  -12958,       0,   -3313,       0,       0,       0,    4795,    3491,    3030,    4334,  100.0,   37.6,   21.0,   29.3,    0.0,   20.2,    0.9,   14.9,   10.5,   16.0,    0.0,    0.0,    0.0,   98.7,   97.9,    1.3,    2.1,     73,     16,     18,     29,      0,      7,.,     12,     11,     26,      0,      0,      0,     59,     72,    32.5,    22.8,    55.6,    38.9,    26.2,    21.7,    39.9,    36.9,(S&P 500 TOTAL RETURN INDEX x $25),13874W,CME ,138 ,F20,FutOnly
NASDAQ-100 Consolidated - CHICAGO MERCANTILE EXCHANGE,261006,2026-10-06,20974+,CME ,00,209 ,  297655,   49410,  118191,    6458,  112821,   37965,    4599,   48139,   74877,   11732,   15501,    7921,       0,  248659,  261742,   48996,   35913,   13704,    -227,   14561,    -548,    3232,    -823,    -108,    3325,   -3719,    1514,    4433,    -348,       0,   11620,   10530,    2085,    3175,  100.0,   16.6,   39.7,    2.2,   37.9,   12.8,    1.5,   16.2,   25.2,    3.9,    5.2,    2.7,    0.0,   83.5,   87.9,   16.5,   12.1,    343,     32,     28,     14,     92,     30,     33,     66,     57,     28,     24,     13,      0,    251,    167,    19.6,    34.1,    28.9,    47.8,    19.4,    33.7,    28.5,    46.3,(NASDAQ 100 INDEX X $20),20974+,CME ,209 ,F20,FutOnly
NASDAQ MINI - CHICAGO MERCANTILE EXCHANGE,261006,2026-10-06,209742,CME ,00,209 ,  283586,   48831,  121393,    2876,  111727,   37929,    4536,   51349,   70561,    6809,   15427,    7774,       0,  241555,  251878,   42031,   31708,   13032,    -248,   14072,    -165,    3169,    -885,    -118,    3199,   -2312,     736,    4426,    -350,       0,   10999,   10978,    2033,    2054,  100.0,   17.2,   42.8,    1.0,   39.4,   13.4,    1.6,   18.1,   24.9,    2.4,    5.4,    2.7,    0.0,   85.2,   88.8,   14.8,   11.2,    298,     29,     24,      9,     85,     28,     29,     56,     47,     21,     20,      9,      0,    214,    143,    20.6,    35.8,    30.3,    49.1,    20.3,    35.4,    29.9,    48.6,(NASDAQ 100 STOCK INDEX X $20),209742,CME ,209 ,F20,FutOnly
MICRO E-MINI NASDAQ-100 INDEX - CHICAGO MERCANTILE EXCHANGE,261006,2026-10-06,209747,CME ,00,209 ,  140688,   41594,    3782,      18,   11524,     943,      44,   15510,   90773,    1614,     738,    1465,       0,   71042,   98639,   69646,   42049,    6724,   -3629,    1056,       6,     727,     722,       0,    8005,   -7316,    1030,      68,      18,       0,    6207,   -4484,     517,   11208,  100.0,   29.6,    2.7,    0.0,    8.2,    0.7,    0.0,   11.0,   64.5,    1.1,    0.5,    1.0,    0.0,   50.5,   70.1,   49.5,   29.9,     73,      9,      5,.,     14,.,      6,     18,     16,      5,      4,      5,      0,     52,     35,    31.7,    53.5,    37.1,    62.0,    31.6,    52.8,    37.1,    61.2,(NASDAQ 100 STOCK INDEX x $2),209747,CME ,209 ,F20,FutOnly
RUSSELL E-MINI - CHICAGO MERCANTILE EXCHANGE,261006,2026-10-06,239742,CME ,00,239 ,  425152,  107272,   45879,    2525,  154689,  109194,   28725,   83927,  189244,   14170,    2374,   11506,       0,  393682,  401243,   31470,   23909,   -2896,  -13664,    2634,   -1011,    3462,   -2265,    -818,    5741,   -3496,    2193,    -242,   -1243,       0,   -4339,   -4006,    1443,    1110,  100.0,   25.2,   10.8,    0.6,   36.4,   25.7,    6.8,   19.7,   44.5,    3.3,    0.6,    2.7,    0.0,   92.6,   94.4,    7.4,    5.6,    312,     28,     25,      8,     77,     56,     41,     38,     70,     21,      7,     11,      0,    189,    193,    18.7,    28.8,    29.7,    39.5,    18.1,    28.6,    27.7,    38.8,(RUSSEL 2000 INDEX X $50),239742,CME ,239 ,F20,FutOnly
MICRO E-MINI RUSSELL 2000 INDX - CHICAGO MERCANTILE EXCHANGE,261006,2026-10-06,239747,CME ,00,239 ,   64741,    2915,    9024,       0,    1633,     565,       0,   46364,    5514,    1165,    1052,       0,       0,   53129,   16268,   11612,   48473,   11348,    1256,    4513,       0,    -220,     565,       0,    9270,   -5376,     722,     -24,       0,       0,   11004,     424,     344,   10924,  100.0,    4.5,   13.9,    0.0,    2.5,    0.9,    0.0,   71.6,    8.5,    1.8,    1.6,    0.0,    0.0,   82.1,   25.1,   17.9,   74.9,     32,.,.,      0,      4,.,      0,     13,      8,      5,.,      0,      0,     22,     15,    66.7,    18.9,    74.2,    23.1,    65.1,    18.9,    72.6,    22.0,(RUSSEL 2000 INDEX X $0.5),239747,CME ,239 ,F20,FutOnly
RUSSELL 2000 ANNUAL DIVIDEND  - CHICAGO MERCANTILE EXCHANGE,261006,2026-10-06,239750,CME ,00,239 ,   42842,     608,   32550,    2531,     720,       0,       0,   38847,    7760,       0,       0,       0,       0,   42706,   42841,     136,       1,     170,       5,     100,      -5,       0,       0,       0,     170,      75,       0,       0,       0,       0,     170,     170,       0,       0,  100.0,    1.4,   76.0,    5.9,    1.7,    0.0,    0.0,   90.7,   18.1,    0.0,    0.0,    0.0,    0.0,   99.7,  100.0,    0.3,    0.0,     21,.,      8,      5,.,      0,      0,      7,.,      0,      0,      0,      0,     14,     12,    92.0,    85.6,    96.4,    97.3,    89.7,    81.6,    92.7,    92.6,(RUSSEL 2000 INDEX X $100),239750,CME ,239 ,F20,FutOnly
NIKKEI STOCK AVERAGE YEN DENOM - CHICAGO MERCANTILE EXCHANGE,261006,2026-10-06,240743,CME ,00,240 ,   20996,    4565,    5896,     404,    7067,     483,     164,    3036,    4761,      15,       0,       0,       0,   15251,   11723,    5745,    9273,   -2007,   -1814,    -225,      12,    -171,    -494,     -26,    -228,    1184,       5,       0,       0,       0,   -2222,     456,     215,   -2463,  100.0,   21.7,   28.1,    1.9,   33.7,    2.3,    0.8,   14.5,   22.7,    0.1,    0.0,    0.0,    0.0,   72.6,   55.8,   27.4,   44.2,     39,      9,      7,.,      6,.,.,      5,     10,.,      0,      0,      0,     24,     20,    39.3,    25.5,    52.7,    39.4,    39.3,    24.2,    52.6,    37.5,(NIKKEI INDEX X JPY 500),240743,CME ,240 ,F20,FutOnly
MSCI EAFE  - ICE FUTURES U.S.,261006,2026-10-06,244041,ICUS,01,244 ,  493234,   24699,  296234,   39225,  328075,   66545,   35263,   44674,   44192,    2041,    3353,    1820,     103,  477433,  485423,   15801,    7811,    2601,   -3211,   -9526,    2187,    3438,     443,      89,   -1297,    9485,      28,    1043,      94,     -50,    2227,    2750,     374,    -149,  100.0,    5.0,   60.1,    8.0,   66.5,   13.5,    7.1,    9.1,    9.0,    0.4,    0.7,    0.4,    0.0,   96.8,   98.4,    3.2,    1.6,    194,     10,     20,     10,     89,     29,     33,     26,     16,      8,.,.,.,    147,     99,    23.6,    32.7,    37.0,    49.5,    18.9,    25.9,    30.3,    42.6,(MSCI EAFE INDEX X $50),244041,ICUS,244 ,F20,FutOnly
MSCI EM INDEX - ICE FUTURES U.S.,261006,2026-10-06,244042,ICUS,01,244 , 1059025,   63878,  608606,   10374,  714804,  220976,   83437,  130762,   85227,    9716,   15946,   31766,     203, 1029120, 1050305,   29905,    8720,   -7052,   -4417,   -3890,     806,  -16127,   -3689,    9400,    6892,   -5744,     146,   -2335,   -3270,     179,   -5456,   -6062,   -1596,    -990,  100.0,    6.0,   57.5,    1.0,   67.5,   20.9,    7.9,   12.3,    8.0,    0.9,    1.5,    3.0,    0.0,   97.2,   99.2,    2.8,    0.8,    385,     28,     19,     10,    185,     44,     72,     55,     32,     22,     15,      7,.,    315,    176,    15.0,    39.6,    24.0,    54.1,    15.0,    39.5,    24.0,    54.0,(MSCI Emerging Markets Index x $50),244042,ICUS,244 ,F20,FutOnly
E-MINI S&P 400 STOCK INDEX - CHICAGO MERCANTILE EXCHANGE,261006,2026-10-06,33874A,CME ,00,138 ,   48725,    6010,   22913,      93,   23276,   13946,    2325,    8716,    3953,      69,       0,     328,       0,   40489,   43627,    8236,    5098,    2934,     387,    3307,      65,    1055,     521,      30,    2492,   -1297,      -9,       0,       0,       0,    4020,    2617,   -1086,     317,  100.0,   12.3,   47.0,    0.2,   47.8,   28.6,    4.8,   17.9,    8.1,    0.1,    0.0,    0.7,    0.0,   83.1,   89.5,   16.9,   10.5,     76,      7,      5,.,     28,     14,      8,     12,      9,.,      0,.,      0,     53,     36,    23.0,    50.6,    36.2,    64.8,    22.8,    50.6,    35.9,    64.4,(S&P 400 INDEX X $100),33874A,CME ,138 ,F20,FutOnly
S&P 500 ANNUAL DIVIDEND INDEX - CHICAGO MERCANTILE EXCHANGE,261006,2026-10-06,43874A,CME ,00,138 ,  416205,   47612,  335626,   21783,  115245,    6907,     716,  199753,   22417,   27558,     200,       0,       0,  412867,  415007,    3338,    1198,   -6427,    1182,    -846,     597,   -2859,       0,       0,    7537,    6180,  -12355,       0,       0,       0,   -5898,   -6424,    -529,      -3,  100.0,   11.4,   80.6,    5.2,   27.7,    1.7,    0.2,   48.0,    5.4,    6.6,    0.0,    0.0,    0.0,   99.2,   99.7,    0.8,    0.3,     87,     13,     17,     16,     16,.,.,     30,      9,     15,.,      0,      0,     75,     44,    26.0,    57.0,    41.4,    77.8,    25.9,    56.9,    41.3,    75.6,(S&P 500 ANNUAL DIVIDEND INDEX X $250),43874A,CME ,138 ,F20,FutOnly
S&P 500 QUARTERLY DIVIDEND IND - CHICAGO MERCANTILE EXCHANGE,261006,2026-10-06,43874Q,CME ,00,138 ,   35201,    5346,   11466,    2595,     300,       0,       0,   26423,   20597,     530,       0,       0,       0,   35194,   35188,       7,      13,     438,    -169,     323,     -30,       0,       0,       0,     637,     132,       0,       0,       0,       0,     438,     425,       0,      13,  100.0,   15.2,   32.6,    7.4,    0.9,    0.0,    0.0,   75.1,   58.5,    1.5,    0.0,    0.0,    0.0,  100.0,  100.0,    0.0,    0.0,     30,      8,      7,      6,.,      0,      0,      6,      8,.,      0,      0,      0,     19,     19,    78.9,    64.8,    93.3,    86.9,    75.2,    63.3,    87.9,    83.5,(S&P 500 QUARTERLY DIVIDEND INDEX X $1000),43874Q,CME ,138 ,F20,FutOnly
UST BOND - CHICAGO BOARD OF TRADE,261006,2026-10-06,020601,CBT ,00,020 , 1898067,   44875,  237552,   43965, 1096523,  690895,  228649,  172246,  361924,   31596,   43734,  138113,    1438, 1663026, 1734132,  235041,  163935,   18894,    3761,   15639,   11671,  -15028,   16300,    5109,   12772,  -48945,    7893,      36,   11086,    -874,   25340,   17879,   -6446,    1015,  100.0,    2.4,   12.5,    2.3,   57.8,   36.4,   12.0,    9.1,   19.1,    1.7,    2.3,    7.3,    0.1,   87.6,   91.4,   12.4,    8.6,    257,     12,     23,      6,     85,     36,     66,     38,     42,     23,     11,     10,.,    183,    170,    20.8,    38.7,    31.3,    47.2,    20.1,    34.7,    30.1,    43.2,"(CONTRACTS OF $100,000 FACE VALUE)",020601,CBT ,020 ,F30,FutOnly
ULTRA UST BOND - CHICAGO BOARD OF TRADE,261006,2026-10-06,020604,CBT ,00,020 , 2404377,   21456,  110211,   97835, 1507861,  752102,  396632,   58345,  784602,   47714,   73307,   41245,      31, 2203181, 2230372,  201196,  174005, -103203,   -1658,  -11947,   15609,  -56827,   20626,  -29376,  -27043, -109656,    7883,   -3529,    4087,       0,  -94941, -102774,   -8262,    -429,  100.0,    0.9,    4.6,    4.1,   62.7,   31.3,   16.5,    2.4,   32.6,    2.0,    3.0,    1.7,    0.0,   91.6,   92.8,    8.4,    7.2,    224,      6,     16,      5,     86,     47,     67,     18,     37,     17,      7,      7,.,    157,    157,    30.9,    36.2,    44.3,    49.0,    27.4,    34.8,    36.9,    42.3,"(CONTRACTS OF $100,000 FACE VALUE)",020604,CBT ,020 ,F30,FutOnly
UST 2Y NOTE - CHICAGO BOARD OF TRADE,261006,2026-10-06,042601,CBT ,00,042 , 4485811,   98563,  607014,   20883, 2471312,  792225,  530920,  693301, 1950785,  144190,  307659,  263862,     124, 4266952, 4310003,  218859,  175808,  -44334,    5709,  -77336,   -7847,  112431,   71822,  -26611,  -32556,   58948,  -72431,  -26805,    8389,    -807,  -48917,  -45873,    4583,    1539,  100.0,    2.2,   13.5,    0.5,   55.1,   17.7,   11.8,   15.5,   43.5,    3.2,    6.9,    5.9,    0.0,   95.1,   96.1,    4.9,    3.9,    492,     23,     47,      9,    160,     57,    112,     67,     85,     46,     30,     23,.,    333,    327,    25.5,    19.5,    35.0,    30.7,    21.4,    19.3,    29.3,    29.1,"(CONTRACTS OF $200,000 FACE VALUE)",042601,CBT ,042 ,F30,FutOnly
UST 10Y NOTE - CHICAGO BOARD OF TRADE,261006,2026-10-06,043602,CBT ,00,043 , 5742990,   98637,  740670,   24464, 3602149,  774010,  713626,  510611, 2650396,  131836,  235054,  307808,      75, 5316452, 5342885,  426538,  400105,   66434,    5679,  -88873,    9680,   95636,   44028,  -10235,      32,  103385,   12389,  -27835,   -7368,       0,   85346,   63006,  -18912,    3428,  100.0,    1.7,   12.9,    0.4,   62.7,   13.5,   12.4,    8.9,   46.2,    2.3,    4.1,    5.4,    0.0,   92.6,   93.0,    7.4,    7.0,    433,     20,     40,     10,    139,     56,    103,     57,     84,     48,     20,     17,.,    307,    288,    31.7,    17.7,    41.3,    27.4,    28.2,    17.4,    37.0,    26.0,"(CONTRACTS OF $100,000 FACE VALUE)",043602,CBT ,043 ,F30,FutOnly
ULTRA UST 10Y - CHICAGO BOARD OF TRADE,261006,2026-10-06,043607,CBT ,00,043 , 2593056,   78514,  422898,    8290, 1286249,  505517,  621785,  137183,  456244,   34286,  193304,  249061,       0, 2359611, 2298081,  233445,  294975,   12907,   -7191,   29204,    3355,   35605,  -48896,   24037,  -37202,  -46612,    4197,   -5552,   52297,   -2350,   14899,   15232,   -1992,   -2325,  100.0,    3.0,   16.3,    0.3,   49.6,   19.5,   24.0,    5.3,   17.6,    1.3,    7.5,    9.6,    0.0,   91.0,   88.6,    9.0,   11.4,    237,      9,     16,      5,     68,     64,     73,     18,     41,     21,      9,     12,      0,    165,    171,    24.3,    26.2,    37.4,    35.7,    15.3,    19.7,    25.9,    26.2,"(CONTRACTS OF $100,000 FACE VALUE)",043607,CBT ,043 ,F30,FutOnly
MICRO 10 YEAR YIELD - CHICAGO BOARD OF TRADE,261006,2026-10-06,04360Y,CBT ,00,043 ,    4338,       0,       0,       0,       0,       0,       0,    3029,      72,      26,     780,    2614,       0,    3835,    2712,     503,    1626,    -407,       0,       0,       0,       0,       0,       0,    -231,    -381,    -614,     397,     939,     -30,    -478,     -86,      71,    -321,  100.0,    0.0,    0.0,    0.0,    0.0,    0.0,    0.0,   69.8,    1.7,    0.6,   18.0,   60.3,    0.0,   88.4,   62.5,   11.6,   37.5,     38,      0,      0,      0,      0,      0,      0,      5,.,.,      7,     25,      0,     13,     26,    71.6,    34.5,    85.2,    46.1,    71.6,    34.5,    85.2,    45.5,(1000 x Index Points),04360Y,CBT ,043 ,F30,FutOnly
UST 5Y NOTE - CHICAGO BOARD OF TRADE,261006,2026-10-06,044601,CBT ,00,044 , 6758624,   83428,  919320,   28455, 4218531, 1304245,  962773,  541071, 2668638,  260224,  257944,  216094,    1175, 6353601, 6360924,  405023,  397700,  -30617,    3659, -140531,   -6746,  160422,   97815,  -11564, -121097,   20683,  -17212,  -25730,    5797,     -20,  -18288,  -51778,  -12329,   21161,  100.0,    1.2,   13.6,    0.4,   62.4,   19.3,   14.2,    8.0,   39.5,    3.9,    3.8,    3.2,    0.0,   94.0,   94.1,    6.0,    5.9,    468,     16,     40,      9,    155,     66,    110,     63,     89,     45,     26,     13,      4,    324,    312,    30.9,    17.6,    39.1,    28.0,    29.7,    17.0,    36.0,    26.2,"(CONTRACTS OF $100,000 FACE VALUE)",044601,CBT ,044 ,F30,FutOnly
FED FUNDS - CHICAGO BOARD OF TRADE,261006,2026-10-06,045601,CBT ,00,045 , 2343262,  454067,  588584,  536687,   44209,   79841,  145858,  508608,  364229,  587121,   18394,    2155,    5378, 2300322, 2309853,   42940,   33409, -234785,  -72827,  -29215,  -80352,   -6159,     332,    7689, -102342, -166468,   33623,   -8151,    2104,    -983, -229502, -233270,   -5283,   -1515,  100.0,   19.4,   25.1,   22.9,    1.9,    3.4,    6.2,   21.7,   15.5,   25.1,    0.8,    0.1,    0.2,   98.2,   98.6,    1.8,    1.4,    169,     32,     28,     52,      7,     11,      7,     44,     38,     56,      7,.,.,    141,    146,    26.7,    25.5,    41.9,    41.1,    17.0,    17.3,    26.1,    24.1,"(CONTRACTS OF $5,000,000)",045601,CBT ,045 ,F33,FutOnly
EURO SHORT TERM RATE - CHICAGO MERCANTILE EXCHANGE,261006,2026-10-06,047745,CME ,00,047 ,   20402,   17470,    4537,    1112,       0,       0,       0,       0,   13500,    1240,     500,       0,       0,   20322,   20389,      80,      13,       9,     198,     109,       0,       0,       0,       0,       0,      80,    -175,       0,       0,       0,      23,      14,     -14,      -5,  100.0,   85.6,   22.2,    5.5,    0.0,    0.0,    0.0,    0.0,   66.2,    6.1,    2.5,    0.0,    0.0,   99.6,   99.9,    0.4,    0.1,     25,      6,     10,      6,      0,      0,      0,      0,      8,      5,.,      0,      0,     15,     21,    87.9,    69.0,    96.3,    87.1,    85.7,    63.8,    88.1,    79.5,"(2,500 X CONTRACT GRADE IMM INDEX)",047745,CME ,047 ,F33,FutOnly
SOFR-3M - CHICAGO MERCANTILE EXCHANGE,261006,2026-10-06,134741,CME ,00,134 ,12657372, 4597435, 1778177, 1963434, 1459238, 1940980,  661721, 1044094, 3397810, 2650333,  227740,  210752,   31967,12635962,12635174,   21410,   22198,  201495,   95089,  236362,  -52204,  214106,  121261,  -36273,   16966,  -39661,   -9662,  -14131,   -1887,   -7049,  206842,  210887,   -5347,   -9392,  100.0,   36.3,   14.0,   15.5,   11.5,   15.3,    5.2,    8.2,   26.8,   20.9,    1.8,    1.7,    0.3,   99.8,   99.8,    0.2,    0.2,    863,     81,     94,    133,     48,     84,     52,    106,    184,    175,    149,     73,     44,    630,    637,    18.2,    18.3,    30.3,    28.0,    16.3,    12.9,    26.9,    20.1,"($2,500 x Contract IMM Index)",134741,CME ,134 ,F33,FutOnly
SOFR-1M - CHICAGO MERCANTILE EXCHANGE,261006,2026-10-06,134742,CME ,00,134 , 1245008,  448583,  253832,  216437,   52306,   28015,   50885,  141430,  350882,  329041,    5685,   15042,     380, 1244747, 1244514,     261,     494, -177068, -116990,   32621,  -12943,  -27795,  -27333,   14499,  -28870, -180715,   -1873,    -964,   -1703,     201, -174735, -177246,   -2333,     178,  100.0,   36.0,   20.4,   17.4,    4.2,    2.3,    4.1,   11.4,   28.2,   26.4,    0.5,    1.2,    0.0,  100.0,  100.0,    0.0,    0.0,    210,     44,     50,     62,.,     11,      6,     31,     56,     56,      4,     11,.,    146,    191,    28.5,    29.6,    47.1,    41.1,    22.7,    21.2,    34.7,    27.0,"($4,167 x Contract IMM Index)",134742,CME ,134 ,F33,FutOnly
SOFR-3M - FMX FUTURES EXCHANGE,261006,2026-10-06,134FM1,FNFT,01,134 ,  154636,   89079,   90501,   42658,       0,       0,       0,    5508,    4088,   17313,       0,       0,       0,  154558,  154560,      78,      76,     -29,    6969,    7218,   -5105,       0,       0,       0,     358,     228,   -2246,       0,    -119,      -6,     -30,     -30,       1,       1,  100.0,   57.6,   58.5,   27.6,    0.0,    0.0,    0.0,    3.6,    2.6,   11.2,    0.0,    0.0,    0.0,   99.9,  100.0,    0.1,    0.0,     20,      7,.,      9,      0,      0,      0,      4,      6,      9,      0,      0,      0,     19,     19,    67.6,    72.1,    91.1,    91.6,    51.4,    60.6,    60.7,    61.1,"($2,500 x Contract IMM Index)",134FM1,FNFT,134 ,F33,FutOnly
BBG COMMODITY - CHICAGO BOARD OF TRADE,261006,2026-10-06,221602,CBT ,00,221 ,  200629,   68415,  189360,       0,  112675,    1105,    2282,   15480,    7817,      29,    1284,       0,       0,  200165,  200593,     464,      36,    2541,     317,    2363,       0,    -800,    -242,       0,    2544,     417,       6,     466,       0,       0,    2533,    2544,       8,      -3,  100.0,   34.1,   94.4,    0.0,   56.2,    0.6,    1.1,    7.7,    3.9,    0.0,    0.6,    0.0,    0.0,   99.8,  100.0,    0.2,    0.0,     79,      7,      5,      0,     31,.,.,     14,      7,.,     12,      0,      0,     65,     17,    64.8,    91.6,    79.7,    98.4,    64.6,    91.6,    78.6,    97.8,($100 X INDEX),221602,CBT ,221 ,F40,FutOnly
BLOOMBERG IG CREDIT FUTURES - CHICAGO BOARD OF TRADE,261006,2026-10-06,221606,CBT ,00,221 ,    7222,    1011,      89,       0,    1333,    4296,       0,    4835,    2788,       0,       0,       0,       0,    7179,    7173,      43,      49,    1224,    1011,     -88,       0,       0,     -70,       0,     207,    1388,       0,       0,       0,       0,    1218,    1230,       6,      -6,  100.0,   14.0,    1.2,    0.0,   18.5,   59.5,    0.0,   66.9,   38.6,    0.0,    0.0,    0.0,    0.0,   99.4,   99.3,    0.6,    0.7,     23,.,.,      0,      5,.,      0,      5,      7,      0,      0,      0,      0,     11,     12,    78.7,    87.7,    96.8,    97.1,    78.7,    87.7,    96.8,    97.1,($30 X INDEX),221606,CBT ,221 ,F40,FutOnly
2 YEAR ERIS SOFR SWAP - CHICAGO BOARD OF TRADE,261006,2026-10-06,342603,CBT ,00,342 ,  229875,   55396,   20704,   12146,       0,   60343,       0,  136544,   24070,   24916,     823,   87664,      30,  229855,  229873,      20,       2,    6075,  -11152,   19174,   -3116,       0,  -19311,       0,   20395,     171,     -25,     -45,    9182,       0,    6057,    6075,      18,       0,  100.0,   24.1,    9.0,    5.3,    0.0,   26.3,    0.0,   59.4,   10.5,   10.8,    0.4,   38.1,    0.0,  100.0,  100.0,    0.0,    0.0,     51,      5,.,.,      0,      7,      0,      4,      7,.,.,     22,.,     15,     42,    96.5,    58.1,    99.4,    77.9,    82.8,    51.0,    83.6,    64.7,"(100,000 USD notional principal)",342603,CBT ,342 ,F50,FutOnly
10 YEAR ERIS SOFR SWAP - CHICAGO BOARD OF TRADE,261006,2026-10-06,343603,CBT ,00,343 ,  194576,   24217,    8310,   42225,    8338,   12263,      25,    6243,   69202,   29727,   83689,   32673,     112,  194576,  194537,       0,      39,   -7151,     681,    -658,     545,     -30,     705,       0,    -405,   -9470,      25,   -7967,    1688,       0,   -7151,   -7165,       0,      14,  100.0,   12.4,    4.3,   21.7,    4.3,    6.3,    0.0,    3.2,   35.6,   15.3,   43.0,   16.8,    0.1,  100.0,  100.0,    0.0,    0.0,     60,      7,      4,      5,      4,      8,.,      4,      6,.,     20,      7,.,     40,     29,    51.2,    76.1,    70.8,    96.5,    33.1,    55.9,    46.7,    61.1,"(100,000 USD notional principal)",343603,CBT ,343 ,F50,FutOnly
5 YEAR ERIS SOFR SWAP - CHICAGO BOARD OF TRADE,261006,2026-10-06,344605,CBT ,00,344 ,  198979,   39962,    3497,   19620,     864,   50634,       0,   61044,   26012,   46490,   30950,   52630,      26,  198956,  198909,      23,      70,    2298,   -3412,   -4477,   -1608,     451,    1040,       0,   12341,   -3478,    5115,  -10589,    5709,       0,    2298,    2301,       0,      -3,  100.0,   20.1,    1.8,    9.9,    0.4,   25.4,    0.0,   30.7,   13.1,   23.4,   15.6,   26.4,    0.0,  100.0,  100.0,    0.0,    0.0,     74,      7,.,      4,.,     11,      0,      6,      9,.,     11,     26,.,     26,     55,    71.5,    47.5,    88.0,    64.2,    45.2,    32.9,    56.0,    45.8,"(100,000 USD notional principal)",344605,CBT ,344 ,F50,FutOnly
3 YEAR ERIS SOFR SWAP - CHICAGO BOARD OF TRADE,261006,2026-10-06,344606,CBT ,00,344 ,   71243,   21385,   25327,    5853,       0,   18040,       0,   34235,    3983,    5758,    4000,   12257,       0,   71231,   71218,      12,      25,  -25025,  -15000,       0,       0,       0,  -17970,       0,   -4241,     290,   -5784,       0,   -1561,       0,  -25025,  -25025,       0,       0,  100.0,   30.0,   35.6,    8.2,    0.0,   25.3,    0.0,   48.1,    5.6,    8.1,    5.6,   17.2,    0.0,  100.0,  100.0,    0.0,    0.0,     31,.,.,.,      0,      5,      0,.,      4,.,.,     14,      0,      6,     29,    82.4,    59.4,   100.0,    82.1,    73.9,    58.8,    83.7,    73.0,"100,000 USD notional principal",344606,CBT ,344 ,F50,FutOnly
7 YEAR ERIS SOFR SWAP - CHICAGO BOARD OF TRADE,261006,2026-10-06,344607,CBT ,00,344 ,   31328,    3254,    4641,    2820,       0,    4726,       0,   14818,    1208,   10336,     100,    7581,       0,   31328,   31312,       0,      16,     -74,       0,     -22,       0,       0,       0,       0,     254,     173,    -253,     -75,      28,       0,     -74,     -74,       0,       0,  100.0,   10.4,   14.8,    9.0,    0.0,   15.1,    0.0,   47.3,    3.9,   33.0,    0.3,   24.2,    0.0,  100.0,   99.9,    0.0,    0.1,     20,.,.,.,      0,.,      0,.,.,.,.,      8,      0,      6,     19,    98.1,    65.2,   100.0,    91.6,    58.0,    43.7,    58.0,    54.6,"100,000 USD notional principal",344607,CBT ,344 ,F50,FutOnly
"LITECOIN PERP STYLE - COINBASE DERIVATIVES, LLC",261006,2026-10-06,167LM1,FREX,00,180 ,    5499,       0,       0,       0,       0,       0,       0,    1155,    4407,       0,    3380,     460,       0,    4535,    4867,     964,     632,     -39,       0,       0,       0,       0,       0,       0,    -375,    -487,       0,     200,     116,       0,    -175,    -371,     136,     332,  100.0,    0.0,    0.0,    0.0,    0.0,    0.0,    0.0,   21.0,   80.1,    0.0,   61.5,    8.4,    0.0,   82.5,   88.5,   17.5,   11.5,     52,      0,      0,      0,      0,      0,      0,.,      4,      0,     41,      5,      0,     43,      9,    30.5,    81.9,    44.3,    88.0,    30.5,    81.9,    44.3,    88.0,(5 Litecoin),167LM1,FREX,180 ,F84,FutOnly
"POLKADOT PERP STYLE - COINBASE DERIVATIVES, LLC",261006,2026-10-06,169LM2,FREX,00,180 ,    5884,       0,       0,       0,       0,       0,       0,    3335,    5250,       0,    1918,     522,       0,    5253,    5772,     631,     112,    -272,       0,       0,       0,       0,       0,       0,     -57,    -363,       0,    -345,     101,       0,    -402,    -262,     130,     -10,  100.0,    0.0,    0.0,    0.0,    0.0,    0.0,    0.0,   56.7,   89.2,    0.0,   32.6,    8.9,    0.0,   89.3,   98.1,   10.7,    1.9,     38,      0,      0,      0,      0,      0,      0,.,.,      0,     24,      8,      0,     27,     11,    63.0,    93.1,    70.3,    96.6,    63.0,    93.1,    70.3,    96.6,(100 Polkadot),169LM2,FREX,180 ,F84,FutOnly
"CHAINLINK PERP STYLE - COINBASE DERIVATIVES, LLC",261006,2026-10-06,170LM2,FREX,00,180 ,    5722,       0,       0,       0,       0,       0,       0,     123,    4885,       0,    3882,     635,       0,    4005,    5520,    1717,     202,     554,       0,       0,       0,       0,       0,       0,      55,     961,       0,     325,    -236,       0,     380,     725,     174,    -171,  100.0,    0.0,    0.0,    0.0,    0.0,    0.0,    0.0,    2.1,   85.4,    0.0,   67.8,   11.1,    0.0,   70.0,   96.5,   30.0,    3.5,     87,      0,      0,      0,      0,      0,      0,.,     10,      0,     65,     11,      0,     66,     21,     8.5,    73.8,    16.1,    84.3,     8.5,    73.8,    16.1,    84.3,(50 Chainlink),170LM2,FREX,180 ,F84,FutOnly
"AVALANCHE - COINBASE DERIVATIVES, LLC",261006,2026-10-06,171LM1,FREX,00,180 ,    4521,       0,       0,       0,       0,       0,       0,    2991,    3840,     167,    1133,     435,      18,    4309,    4460,     212,      61,    -588,       0,       0,       0,       0,       0,       0,    -878,    -299,     -26,     212,    -290,      18,    -674,    -597,      86,       9,  100.0,    0.0,    0.0,    0.0,    0.0,    0.0,    0.0,   66.2,   84.9,    3.7,   25.1,    9.6,    0.4,   95.3,   98.7,    4.7,    1.3,     26,      0,      0,      0,      0,      0,      0,.,      5,.,     12,      6,.,     17,     12,    79.2,    86.4,    88.4,    95.7,    77.6,    84.3,    85.8,    92.9,(10 Avalanche x $30 = $300),171LM1,FREX,180 ,F84,FutOnly
"AVALANCHE PERP STYLE - COINBASE DERIVATIVES, LLC",261006,2026-10-06,171LM2,FREX,00,180 ,   15616,       0,       0,       0,       0,       0,       0,    1266,   13598,       0,   12606,    1752,       0,   13872,   15350,    1744,     266,    1411,       0,       0,       0,       0,       0,       0,      12,    1487,       0,    1411,      20,       0,    1423,    1507,     -12,     -96,  100.0,    0.0,    0.0,    0.0,    0.0,    0.0,    0.0,    8.1,   87.1,    0.0,   80.7,   11.2,    0.0,   88.8,   98.3,   11.2,    1.7,    133,      0,      0,      0,      0,      0,      0,      5,      6,      0,    103,     19,      0,    108,     25,    13.2,    87.5,    21.7,    91.7,    13.2,    87.5,    21.7,    91.7,(10 Avalanche),171LM2,FREX,180 ,F84,FutOnly
"1K SHIB PERP - COINBASE DERIVATIVES, LLC",261006,2026-10-06,172LM2,FREX,00,180 ,    4190,       0,       0,       0,       0,       0,       0,    1800,    3866,       0,    1595,     215,       0,    3395,    4081,     795,     109,     329,       0,       0,       0,       0,       0,       0,      42,     305,       0,     264,      26,       0,     306,     331,      23,      -2,  100.0,    0.0,    0.0,    0.0,    0.0,    0.0,    0.0,   43.0,   92.3,    0.0,   38.1,    5.1,    0.0,   81.0,   97.4,   19.0,    2.6,     34,      0,      0,      0,      0,      0,      0,      4,.,      0,     24,      4,      0,     28,      6,    45.9,    96.1,    56.2,    97.4,    45.9,    96.1,    56.2,    97.4,"(10,000 x 1k Shib Index)",172LM2,FREX,180 ,F84,FutOnly
"STELLAR PERP STYLE - COINBASE DERIVATIVES, LLC",261006,2026-10-06,173LM2,FREX,00,180 ,    4516,       0,       0,       0,       0,       0,       0,     846,    3931,       0,    2213,     427,       0,    3059,    4358,    1457,     158,     377,       0,       0,       0,       0,       0,       0,     254,     417,       0,      86,      28,       0,     340,     445,      37,     -68,  100.0,    0.0,    0.0,    0.0,    0.0,    0.0,    0.0,   18.7,   87.0,    0.0,   49.0,    9.5,    0.0,   67.7,   96.5,   32.3,    3.5,     55,      0,      0,      0,      0,      0,      0,.,      5,      0,     40,      7,      0,     43,     12,    20.9,    87.8,    29.8,    93.4,    20.9,    87.8,    29.8,    93.4,(5000 Stellar),173LM2,FREX,180 ,F84,FutOnly
"SUI PERP STYLE - COINBASE DERIVATIVES, LLC",261006,2026-10-06,180LM3,FREX,00,180 ,    7281,       0,       0,       0,       0,       0,       0,     999,    6062,       0,    4179,     891,       0,    5178,    6953,    2103,     328,    1067,       0,       0,       0,       0,       0,       0,     455,     981,       0,     419,     113,       0,     874,    1094,     193,     -27,  100.0,    0.0,    0.0,    0.0,    0.0,    0.0,    0.0,   13.7,   83.3,    0.0,   57.4,   12.2,    0.0,   71.1,   95.5,   28.9,    4.5,     98,      0,      0,      0,      0,      0,      0,      4,      6,      0,     73,     15,      0,     77,     21,    14.9,    82.1,    20.4,    87.6,    14.9,    82.1,    20.4,    87.6,(500 x SUI),180LM3,FREX,180 ,F84,FutOnly
"HEDERA PERP STYLE - COINBASE DERIVATIVES, LLC",261006,2026-10-06,180LM4,FREX,00,180 ,    3670,       0,       0,       0,       0,       0,       0,       0,    2788,       0,    2285,     463,       0,    2285,    3251,    1385,     419,     527,       0,       0,       0,       0,       0,       0,     -54,     442,       0,     450,     -96,       0,     396,     346,     131,     181,  100.0,    0.0,    0.0,    0.0,    0.0,    0.0,    0.0,    0.0,   76.0,    0.0,   62.3,   12.6,    0.0,   62.3,   88.6,   37.7,   11.4,     57,      0,      0,      0,      0,      0,      0,      0,      4,      0,     45,      8,      0,     45,     12,     8.7,    76.0,    16.9,    84.0,     8.7,    76.0,    16.9,    84.0,(5000 Hedera),180LM4,FREX,180 ,F84,FutOnly
"NEAR PROTOCAL PERP STYLE - COINBASE DERIVATIVES, LLC",261006,2026-10-06,180LM7,FREX,00,180 ,    3718,     118,       0,       0,       0,       0,       0,     261,    2461,       0,    2060,     709,       0,    2439,    3170,    1279,     548,    -186,     118,       0,       0,       0,       0,       0,    -824,    -415,       0,     430,     301,       0,    -276,    -114,      90,     -72,  100.0,    3.2,    0.0,    0.0,    0.0,    0.0,    0.0,    7.0,   66.2,    0.0,   55.4,   19.1,    0.0,   65.6,   85.3,   34.4,   14.7,     57,.,      0,      0,      0,      0,      0,.,.,      0,     37,     14,      0,     41,     16,    13.6,    71.6,    24.4,    77.7,    13.6,    71.6,    24.4,    77.7,(500 NER),180LM7,FREX,180 ,F84,FutOnly
"ONDO PERP STYLE - COINBASE DERIVATIVES, LLC",261006,2026-10-06,180LM8,FREX,00,180 ,    6872,       0,       0,       0,       0,       0,       0,     627,    6256,       0,    4317,     446,       0,    4944,    6702,    1928,     170,    1300,       0,       0,       0,       0,       0,       0,     347,    1386,       0,     745,      -8,       0,    1092,    1378,     208,     -78,  100.0,    0.0,    0.0,    0.0,    0.0,    0.0,    0.0,    9.1,   91.0,    0.0,   62.8,    6.5,    0.0,   71.9,   97.5,   28.1,    2.5,     84,      0,      0,      0,      0,      0,      0,.,      6,      0,     70,      7,      0,     71,     13,    13.5,    90.7,    19.3,    94.6,    13.5,    90.7,    19.3,    94.6,"(1,000 ONDO)",180LM8,FREX,180 ,F84,FutOnly
"PAX GOLD PERP STYLE - COINBASE DERIVATIVES, LLC",261006,2026-10-06,180LM9,FREX,00,180 ,    1605,       0,       0,       0,       0,       0,       0,     436,     962,       0,     425,     540,       0,     861,    1502,     744,     103,      93,       0,       0,       0,       0,       0,       0,      48,     -48,       0,      31,     149,       0,      79,     101,      14,      -8,  100.0,    0.0,    0.0,    0.0,    0.0,    0.0,    0.0,   27.2,   59.9,    0.0,   26.5,   33.6,    0.0,   53.6,   93.6,   46.4,    6.4,     24,      0,      0,      0,      0,      0,      0,.,.,      0,     10,     10,      0,     11,     13,    38.9,    64.3,    48.5,    80.5,    38.9,    64.3,    48.5,    80.5,(1 PAX Gold),180LM9,FREX,180 ,F84,FutOnly
"ZCASH PERP STYLE - COINBASE DERIVATIVES, LLC",261006,2026-10-06,180LMB,FREX,00,180 ,    8313,       0,    1144,       0,       0,       0,       0,     249,    1819,       0,    5900,    2673,       0,    6149,    5636,    2164,    2677,      79,       0,     149,       0,       0,       0,       0,     249,   -1360,       0,    -142,     569,       0,     107,    -642,     -28,     721,  100.0,    0.0,   13.8,    0.0,    0.0,    0.0,    0.0,    3.0,   21.9,    0.0,   71.0,   32.2,    0.0,   74.0,   67.8,   26.0,   32.2,     98,      0,.,      0,      0,      0,      0,.,.,      0,     69,     23,      0,     71,     27,    18.8,    38.7,    32.6,    54.9,    18.8,    38.7,    32.6,    54.9,(1 Zcash),180LMB,FREX,180 ,F84,FutOnly
BITCOIN - CHICAGO MERCANTILE EXCHANGE,261006,2026-10-06,133741,CME ,00,133 ,   21432,    6974,    4635,     454,    5174,    1642,     251,    5731,   12583,    1130,     515,       0,      26,   20255,   20721,    1177,     711,    1836,      82,     423,      28,     105,     159,     -46,     751,     747,     592,     230,       0,      26,    1768,    1929,      68,     -93,  100.0,   32.5,   21.6,    2.1,   24.1,    7.7,    1.2,   26.7,   58.7,    5.3,    2.4,    0.0,    0.1,   94.5,   96.7,    5.5,    3.3,    116,      9,     12,      4,     10,      6,.,     33,     39,     19,      6,      0,.,     73,     71,    62.5,    31.1,    69.7,    53.4,    61.8,    30.2,    68.4,    51.0,(5 Bitcoins),133741,CME ,133 ,F85,FutOnly
MICRO BITCOIN - CHICAGO MERCANTILE EXCHANGE,261006,2026-10-06,133742,CME ,00,133 ,   34582,    4083,     401,       0,    2404,      76,       0,   13371,   29798,     644,    7298,    1760,     151,   27951,   32830,    6631,    1752,    8262,    2827,     -16,       0,     146,       9,       0,    3475,    8542,     120,     780,    -584,     145,    7493,    8216,     769,      46,  100.0,   11.8,    1.2,    0.0,    7.0,    0.2,    0.0,   38.7,   86.2,    1.9,   21.1,    5.1,    0.4,   80.8,   94.9,   19.2,    5.1,    197,      7,.,      0,      8,.,      0,     45,     20,      7,     87,     25,.,    152,     53,    24.7,    81.6,    34.1,    86.3,    24.7,    80.8,    34.1,    84.7,(Bitcoin X $0.10),133742,CME ,133 ,F85,FutOnly
"Nano Bitcoin  - COINBASE DERIVATIVES, LLC",261006,2026-10-06,133LM1,FREX,00,133 ,  119435,       0,       0,       0,       0,    8000,       0,  104315,   94953,      64,   13930,    7633,       0,  118309,  110650,    1126,    8785,    5087,    -136,       0,       0,       0,       0,       0,    1840,    2115,       5,    3254,    2862,       0,    4963,    4982,     124,     105,  100.0,    0.0,    0.0,    0.0,    0.0,    6.7,    0.0,   87.3,   79.5,    0.1,   11.7,    6.4,    0.0,   99.1,   92.6,    0.9,    7.4,    130,      0,      0,      0,      0,.,      0,      8,      9,.,     72,     40,      0,     80,     51,    89.9,    77.6,    92.6,    86.5,    89.9,    77.6,    92.6,    86.5,(1/100 X Bitcoin = $300),133LM1,FREX,133 ,F85,FutOnly
"NANO BITCOIN PERP STYLE - COINBASE DERIVATIVES, LLC",261006,2026-10-06,133LM4,FREX,00,133 ,  163273,    1800,      66,       0,       0,       0,       0,    4443,   44327,       0,  127651,  103066,       0,  133894,  147459,   29379,   15814,    4507,     300,       0,       0,       0,       0,       0,  -13299,  -13465,       0,    5175,   14300,       0,   -7824,     835,   12331,    3672,  100.0,    1.1,    0.0,    0.0,    0.0,    0.0,    0.0,    2.7,   27.1,    0.0,   78.2,   63.1,    0.0,   82.0,   90.3,   18.0,    9.7,   1214,.,.,      0,      0,      0,      0,      7,     15,      0,    736,    454,      0,    744,    470,    12.0,    21.9,    18.2,    32.3,    12.0,    21.9,    18.2,    32.3,(1/100 X Bitcoin),133LM4,FREX,133 ,F85,FutOnly
"BITCOIN CASH PERP STYLE - COINBASE DERIVATIVES, LLC",261006,2026-10-06,133LM5,FREX,00,133 ,    2443,       0,       0,       0,       0,       0,       0,      48,    1940,       0,    2061,     392,       0,    2109,    2332,     334,     111,     128,       0,       0,       0,       0,       0,       0,      15,     158,       0,     169,      35,       0,     184,     193,     -56,     -65,  100.0,    0.0,    0.0,    0.0,    0.0,    0.0,    0.0,    2.0,   79.4,    0.0,   84.4,   16.0,    0.0,   86.3,   95.5,   13.7,    4.5,     27,      0,      0,      0,      0,      0,      0,.,      4,      0,     18,      4,      0,     19,      8,    32.7,    82.4,    61.6,    95.5,    32.7,    82.4,    61.6,    95.5,(1 Bitcoin),133LM5,FREX,133 ,F85,FutOnly
ETHER CASH SETTLED - CHICAGO MERCANTILE EXCHANGE,261006,2026-10-06,146021,CME ,00,146 ,   27681,   19380,   10292,     746,    1816,    2405,     672,    3344,   11293,     556,     183,    1243,      25,   26722,   27232,     959,     449,     289,    -743,      54,     329,      77,    -531,     192,     -43,    -177,     361,      96,      32,      25,     294,     285,      -5,       4,  100.0,   70.0,   37.2,    2.7,    6.6,    8.7,    2.4,   12.1,   40.8,    2.0,    0.7,    4.5,    0.1,   96.5,   98.4,    3.5,    1.6,     94,      4,      9,.,      7,      6,.,     31,     29,     12,      5,.,.,     60,     53,    78.6,    44.4,    82.7,    61.9,    76.0,    41.3,    79.8,    58.5,(50 Index Points),146021,CME ,146 ,F85,FutOnly
MICRO ETHER  - CHICAGO MERCANTILE EXCHANGE,261006,2026-10-06,146022,CME ,00,146 ,   79652,   10741,       0,       0,     376,    1925,       0,   33406,   64430,   10036,   22895,    2565,     369,   77823,   79325,    1829,     327,   13394,    1145,       0,       0,     -20,    -478,       0,    2123,    4615,    8904,    1360,     366,      11,   13523,   13418,    -129,     -24,  100.0,   13.5,    0.0,    0.0,    0.5,    2.4,    0.0,   41.9,   80.9,   12.6,   28.7,    3.2,    0.5,   97.7,   99.6,    2.3,    0.4,    224,      6,      0,      0,.,.,      0,     22,     15,.,    156,     22,      4,    188,     42,    59.0,    87.4,    65.3,    93.9,    49.2,    74.8,    54.6,    81.3,(0.1 Index Points),146022,CME ,146 ,F85,FutOnly
"NANO ETHER - COINBASE DERIVATIVES, LLC",261006,2026-10-06,146LM1,FREX,00,146 ,   48205,       0,       0,       0,       0,       0,       0,   11855,   43648,     299,   35179,    4061,       0,   47333,   48008,     872,     197,    9365,    -486,       0,       0,       0,       0,       0,    3399,    6810,     170,    6076,    2375,       0,    9159,    9355,     206,      10,  100.0,    0.0,    0.0,    0.0,    0.0,    0.0,    0.0,   24.6,   90.5,    0.6,   73.0,    8.4,    0.0,   98.2,   99.6,    1.8,    0.4,    100,      0,      0,      0,      0,      0,      0,     12,      4,.,     65,     19,      0,     78,     25,    45.6,    92.9,    65.5,    97.5,    45.6,    92.9,    65.5,    97.4,"(0.1 Ether or 1/10 X$2,000 = $200)",146LM1,FREX,146 ,F85,FutOnly
"NANO ETHER PERP STYLE - COINBASE DERIVATIVES, LLC",261006,2026-10-06,146LM3,FREX,00,146 ,  208020,       0,      38,       0,       0,       0,       0,   10532,  108065,       0,  185000,   80060,       0,  195532,  188163,   12488,   19857,    2847,       0,       0,       0,       0,       0,       0,     146,   -5874,       0,     503,    6171,       0,     649,     297,    2198,    2550,  100.0,    0.0,    0.0,    0.0,    0.0,    0.0,    0.0,    5.1,   51.9,    0.0,   88.9,   38.5,    0.0,   94.0,   90.5,    6.0,    9.5,    855,      0,.,      0,      0,      0,      0,     13,     13,      0,    650,    178,      0,    663,    192,    14.8,    44.9,    22.8,    59.9,    14.8,    44.9,    22.8,    59.9,(1/10 X Ether),146LM3,FREX,146 ,F85,FutOnly
"DOGECOIN PERP STYLE - COINBASE DERIVATIVES, LLC",261006,2026-10-06,168LM2,FREX,00,168 ,    3325,       0,       0,       0,       0,       0,       0,      42,    2903,       0,    1912,     261,       0,    1954,    3164,    1371,     161,    -204,       0,       0,       0,       0,       0,       0,    -509,     536,       0,      -2,      20,       0,    -511,     556,     307,    -760,  100.0,    0.0,    0.0,    0.0,    0.0,    0.0,    0.0,    1.3,   87.3,    0.0,   57.5,    7.8,    0.0,   58.8,   95.2,   41.2,    4.8,     36,      0,      0,      0,      0,      0,      0,.,      5,      0,     26,      4,      0,     27,      9,    17.7,    85.1,    30.3,    94.4,    17.7,    85.1,    30.3,    94.4,"(5,000 Dogecoin)",168LM2,FREX,168 ,F85,FutOnly
"CARDONA PERP STYLE - COINBASE DERIVATIVES, LLC",261006,2026-10-06,174LM2,FREX,00,174 ,    9612,       0,       0,       0,       0,       0,       0,     498,    7188,       0,    7045,    1871,       0,    7543,    9059,    2069,     553,     613,       0,       0,       0,       0,       0,       0,     -26,    -377,       0,     284,     694,       0,     258,     317,     355,     296,  100.0,    0.0,    0.0,    0.0,    0.0,    0.0,    0.0,    5.2,   74.8,    0.0,   73.3,   19.5,    0.0,   78.5,   94.2,   21.5,    5.8,    130,      0,      0,      0,      0,      0,      0,      4,      4,      0,    100,     22,      0,    104,     26,     8.5,    76.5,    16.9,    82.9,     8.5,    76.5,    16.9,    82.9,"(1,000 Cardano)",174LM2,FREX,174 ,F85,FutOnly
XRP - CHICAGO MERCANTILE EXCHANGE,261006,2026-10-06,176740,CME ,00,176 ,    7871,    4492,    4598,      17,    1157,     611,       0,    1981,    2414,      63,       0,       0,       0,    7710,    7703,     161,     168,     155,      85,       0,       0,     -26,      31,       0,      41,      51,      39,       0,       0,       0,     139,     121,      16,      34,  100.0,   57.1,   58.4,    0.2,   14.7,    7.8,    0.0,   25.2,   30.7,    0.8,    0.0,    0.0,    0.0,   98.0,   97.9,    2.0,    2.1,     28,.,      4,.,.,.,      0,      6,     14,.,      0,      0,      0,     12,     19,    87.2,    61.8,    95.7,    79.2,    87.2,    61.6,    95.7,    79.0,"(Contracts of 50,000 XRP)",176740,CME ,176 ,F85,FutOnly
"NANO XRP - COINBASE DERIVATIVES, LLC",261006,2026-10-06,176LM1,FREX,00,176 ,   59287,       0,       0,       0,       0,       0,       0,   56362,   57659,     486,    1818,     982,       0,   58666,   59127,     621,     160,    2894,       0,       0,       0,       0,       0,       0,    3641,    2322,     112,    -944,     450,       0,    2809,    2884,      85,      10,  100.0,    0.0,    0.0,    0.0,    0.0,    0.0,    0.0,   95.1,   97.3,    0.8,    3.1,    1.7,    0.0,   99.0,   99.7,    1.0,    0.3,     40,      0,      0,      0,      0,      0,      0,      4,      4,.,     24,      8,      0,     29,     12,    95.7,    98.9,    96.9,    99.5,    95.2,    98.1,    96.3,    98.7,(500 XRP x $2.00 = $1000),176LM1,FREX,176 ,F85,FutOnly
"XRP - COINBASE DERIVATIVES, LLC",261006,2026-10-06,176LM2,FREX,00,176 ,   24483,   22307,      45,       0,    1800,       0,       0,     330,   13599,      28,       0,    8330,       0,   24465,   22002,      18,    2481,.,.,.,.,.,.,.,.,.,.,.,.,.,.,.,.,.,  100.0,   91.1,    0.2,    0.0,    7.4,    0.0,    0.0,    1.3,   55.5,    0.1,    0.0,   34.0,    0.0,   99.9,   89.9,    0.1,   10.1,     21,.,.,      0,.,      0,      0,.,     14,.,      0,.,      0,      8,     16,    99.5,    68.6,    99.9,    84.5,    99.5,    68.5,    99.8,    84.5,"(10,000 XRP x $2.00 = $20,000)",176LM2,FREX,176 ,F85,FutOnly
"NANO XRP PERP STYLE - COINBASE DERIVATIVES, LLC",261006,2026-10-06,176LM3,FREX,00,176 ,   38760,       0,       0,       0,       0,       0,       0,    2885,   30881,       0,   25855,    3212,       0,   28740,   34093,   10020,    4667,    -299,       0,       0,       0,       0,       0,       0,     158,    1631,       0,   -3800,     -49,       0,   -3642,    1582,    3343,   -1881,  100.0,    0.0,    0.0,    0.0,    0.0,    0.0,    0.0,    7.4,   79.7,    0.0,   66.7,    8.3,    0.0,   74.1,   88.0,   25.9,   12.0,    295,      0,      0,      0,      0,      0,      0,.,      9,      0,    259,     24,      0,    262,     33,    12.5,    72.2,    19.1,    80.8,    12.5,    72.2,    19.1,    80.8,(500 XRP x $2.00 = $1000),176LM3,FREX,176 ,F85,FutOnly
SOL - CHICAGO MERCANTILE EXCHANGE,261006,2026-10-06,177741,CME ,00,177 ,   13273,   11013,    7441,      47,     948,    1175,       0,     696,    4270,      41,     158,      40,       0,   12903,   13014,     370,     259,     191,     116,     -26,      13,      81,      51,       0,    -158,      68,      23,     158,      40,       0,     233,     169,     -42,      22,  100.0,   83.0,   56.1,    0.4,    7.1,    8.9,    0.0,    5.2,   32.2,    0.3,    1.2,    0.3,    0.0,   97.2,   98.0,    2.8,    2.0,     38,.,      6,.,.,.,      0,      9,     15,.,.,.,      0,     16,     25,    90.9,    65.5,    94.5,    80.4,    90.9,    65.3,    94.4,    80.2,(500 SOL- CME CF Solana - Dollar Reference Rate),177741,CME ,177 ,F85,FutOnly
MICRO SOL - CHICAGO MERCANTILE EXCHANGE,261006,2026-10-06,177742,CME ,00,177 ,    2407,       0,     171,       0,       0,      80,       0,    1580,    2007,       1,     305,      32,       0,    1886,    2291,     521,     116,.,.,.,.,.,.,.,.,.,.,.,.,.,.,.,.,.,  100.0,    0.0,    7.1,    0.0,    0.0,    3.3,    0.0,   65.6,   83.4,    0.0,   12.7,    1.3,    0.0,   78.4,   95.2,   21.6,    4.8,     22,      0,.,      0,      0,.,      0,      7,      4,.,      8,.,      0,     16,      7,    54.8,    88.4,    69.8,    95.2,    54.8,    88.3,    69.8,    95.1,"(25 SOL, defined by CME CF Solana-Dollar Reference Rate)",177742,CME ,177 ,F85,FutOnly
"NANO SOLANA - COINBASE DERIVATIVES, LLC",261006,2026-10-06,177LM1,FREX,00,177 ,    6242,       0,       0,       0,       0,       0,       0,    3744,    5632,     357,    1828,     136,       0,    5929,    6125,     313,     117,     662,       0,       0,       0,       0,       0,       0,     436,     426,     239,      -1,     -30,       0,     674,     635,     -12,      27,  100.0,    0.0,    0.0,    0.0,    0.0,    0.0,    0.0,   60.0,   90.2,    5.7,   29.3,    2.2,    0.0,   95.0,   98.1,    5.0,    1.9,     37,      0,      0,      0,      0,      0,      0,      4,      8,.,     22,.,      0,     26,     12,    68.9,    91.0,    79.0,    95.6,    66.2,    86.7,    75.0,    90.7,(5 Solana x $250 = $1250),177LM1,FREX,177 ,F85,FutOnly
"NANO SOLANA PERP STYLE - COINBASE DERIVATIVES, LLC",261006,2026-10-06,177LM3,FREX,00,177 ,   33500,       0,       0,       0,       0,       0,       0,     501,   15826,       0,   25619,    5940,       0,   26120,   21766,    7380,   11734,    -242,       0,       0,       0,       0,       0,       0,    -224,    -366,       0,   -1962,    1446,       0,   -2186,    1080,    1944,   -1322,  100.0,    0.0,    0.0,    0.0,    0.0,    0.0,    0.0,    1.5,   47.2,    0.0,   76.5,   17.7,    0.0,   78.0,   65.0,   22.0,   35.0,    286,      0,      0,      0,      0,      0,      0,.,      8,      0,    228,     47,      0,    231,     55,    11.2,    45.4,    19.4,    52.8,    11.2,    45.4,    19.4,    52.8,(5 Solana x $180 = $900),177LM3,FREX,177 ,F85,FutOnly
"CRYPTO HYPE PERP STYLE - COINBASE DERIVATIVES, LLC",261006,2026-10-06,183LM2,FREX,00,183 ,    8865,       0,       0,       0,       0,       0,       0,    1660,    7392,       0,    5381,     967,       0,    7041,    8359,    1824,     506,    -646,       0,       0,       0,       0,       0,       0,      19,    -134,       0,    -475,     210,       0,    -456,      76,    -190,    -722,  100.0,    0.0,    0.0,    0.0,    0.0,    0.0,    0.0,   18.7,   83.4,    0.0,   60.7,   10.9,    0.0,   79.4,   94.3,   20.6,    5.7,     91,      0,      0,      0,      0,      0,      0,      5,      4,      0,     68,     14,      0,     73,     18,    21.5,    83.4,    30.1,    88.7,    21.5,    83.4,    30.1,    88.7,(10 x HYPE Index),183LM2,FREX,183 ,F85,FutOnly
USD INDEX - ICE FUTURES U.S.,261006,2026-10-06,098662,ICUS,01,098 ,   51095,    5268,   25058,       0,   22843,    3747,    1218,   15283,   14419,     786,    1695,    4125,       0,   47093,   49353,    4002,    1742,    2753,     -38,    1828,       0,    2294,    1205,       0,    -339,    -842,     230,     162,     155,       0,    2309,    2576,     444,     177,  100.0,   10.3,   49.0,    0.0,   44.7,    7.3,    2.4,   29.9,   28.2,    1.5,    3.3,    8.1,    0.0,   92.2,   96.6,    7.8,    3.4,    127,      6,.,      0,     16,      9,.,     44,     19,      8,     19,     11,      0,     86,     51,    43.7,    65.3,    58.5,    74.2,    41.4,    65.2,    56.0,    74.1,(U.S. DOLLAR INDEX X $1000),098662,ICUS,098 ,F90,FutOnly
VIX FUTURES - CBOE FUTURES EXCHANGE,261006,2026-10-06,1170E1,E   ,00,117 ,  441261,  104235,   32528,   26824,   40224,  120838,   64690,   89535,   84041,   84851,    3730,    1013,    3502,  417591,  418287,   23670,   22974,   20148,    1348,    -395,    1516,   -1910,   12204,    9872,     329,  -12632,   12067,    -471,    -866,    -529,   22222,   21237,   -2074,   -1089,  100.0,   23.6,    7.4,    6.1,    9.1,   27.4,   14.7,   20.3,   19.0,   19.2,    0.8,    0.2,    0.8,   94.6,   94.8,    5.4,    5.2,    192,     23,     11,     22,     20,     22,     24,     50,     44,     65,      5,      4,      6,    159,    150,    27.0,    20.3,    38.3,    32.9,    23.0,    17.0,    29.9,    24.9,($1000 X INDEX),1170E1,E   ,117 ,F90,FutOnly
